Id,Label,Followers Count,Friends Count,Created at,Protected,Location,Verified,Listed count,Favorites count,Status count,Default profile,Default profile image
100182356,rkasprzyk,59,283,2009-12-29 09:17:17,False,1.0,False,0.0,131.0,82.0,False,False
4349627307,WAT_edu,872,217,2015-12-02 10:40:57,False,1.0,False,8.0,864.0,1927.0,False,False
1169147263484145666,broken_boob,9,13,2019-09-04 07:17:05,False,0.0,False,0.0,0.0,0.0,True,False
19037652,FIRSTdotOrg,8123,181,2009-01-15 20:34:25,False,1.0,False,339.0,116.0,2055.0,False,False
573109696,RobertKosla,574,466,2012-05-06 23:24:45,False,1.0,False,15.0,1000.0,1052.0,False,False
920170729911586816,TURBONEWS_PL,16,85,2017-10-17 06:12:52,False,1.0,False,0.0,0.0,1.0,False,False
532090459,ogorekmagda,147305,923,2012-03-21 09:53:30,False,0.0,False,259.0,40974.0,12630.0,False,False
782831973635067904,InfoOps_Polska,531,0,2016-10-03 06:37:41,False,1.0,False,9.0,1490.0,2089.0,False,False
1169122850726453249,h4dri66,7,9,2019-09-04 05:39:53,False,0.0,False,0.0,0.0,0.0,True,False
11855222,stiennon,46802,46487,2008-01-04 21:50:27,False,0.0,False,1111.0,2760.0,9537.0,False,False
867433738510249984,SunTzuCyber,5346,1,2017-05-24 17:34:54,False,0.0,False,89.0,11.0,5725.0,True,False
83795099,NATO,711349,778,2009-10-20 07:56:40,False,1.0,True,6132.0,3635.0,8207.0,False,False
935603159669575680,InformationWarB,161,18,2017-11-28 20:15:50,False,0.0,False,0.0,4.0,2845.0,True,False
61780948,k_sz,88,79,2009-07-31 14:21:59,False,1.0,False,13.0,190.0,258.0,False,False
1352696833,MariolaRauzer,22,26,2013-04-14 20:00:21,False,1.0,False,0.0,11.0,2.0,True,False
978494421011501056,DanielObajtek,16360,710,2018-03-27 04:50:24,False,0.0,False,27.0,97.0,1276.0,True,False
1193805535763718144,EmilPa3,2,44,2019-11-11 08:20:05,False,0.0,False,0.0,1.0,0.0,True,True
1614572052,ZiobroPL,134648,169,2013-07-23 07:00:00,False,1.0,False,220.0,212.0,1698.0,False,False
1169146494827540481,PshyMic,7,38,2019-09-04 07:13:49,False,0.0,False,0.0,0.0,0.0,True,True
747807250819981312,theresa_may,927151,29,2016-06-28 15:01:57,False,0.0,True,5035.0,103.0,1764.0,True,False
4263007693,gp_pulipaka,79148,25053,2015-11-17 02:19:09,False,1.0,False,3414.0,9.0,53692.0,False,False
740547410485780480,PresidentWalesa,79102,226,2016-06-08 14:13:56,False,1.0,False,155.0,12507.0,4533.0,True,False
1530338982,PAPinformacje,92864,146,2013-06-19 09:57:29,False,0.0,False,558.0,3.0,26880.0,False,False
936162336993435648,TheCejrowski,35464,14,2017-11-30 09:17:48,False,1.0,False,54.0,17.0,1918.0,False,False
344828991,AndZyberto,36623,1067,2011-07-29 17:09:34,False,1.0,False,169.0,11996.0,12701.0,False,False
46460771,mikepillsbury,17912,888,2009-06-11 19:01:23,False,1.0,False,304.0,60.0,3411.0,False,False
920195966552158208,malevolenteye,0,253,2017-10-17 07:53:09,True,0.0,False,0.0,12.0,0.0,False,True
796631720531476480,poc_org_pl,81,0,2016-11-10 08:32:57,False,0.0,False,4.0,9.0,9.0,True,False
3290907035,RiddleRussia,3662,1073,2015-05-20 06:18:27,False,0.0,False,179.0,230.0,6482.0,True,False
1650606786,jarekmok,902,397,2013-08-06 15:54:33,False,1.0,False,5.0,1733.0,730.0,True,False
2248872301,NSAGov,673980,152,2013-12-16 14:48:10,False,1.0,True,4772.0,65.0,2767.0,False,False
333888198,EMichalik,175028,437,2011-07-12 07:21:36,False,0.0,False,172.0,16117.0,8743.0,False,False
350770729,MSZ_RP,90319,425,2011-08-08 08:45:19,False,1.0,True,497.0,1450.0,35682.0,False,False
4398626122,OpenAI,411088,0,2015-12-06 22:51:08,False,0.0,True,4666.0,397.0,451.0,True,False
726069582494994432,siedlmarpl,550,2,2016-04-29 15:24:13,False,1.0,False,8.0,186.0,722.0,True,False
1138785552558374912,N2x35,370,45,2019-06-12 12:30:08,False,0.0,False,4.0,194.0,207.0,False,False
977112482,InfoSecHotSpot,120352,91425,2012-11-28 22:33:41,False,1.0,False,2303.0,78306.0,128437.0,False,False
346048464,AnnaStrezynska,28196,2174,2011-07-31 16:51:38,False,1.0,False,183.0,10420.0,7276.0,True,False
507215842,MC_GOV_PL,34342,265,2012-02-28 10:58:39,False,1.0,True,206.0,5522.0,9244.0,False,False
20536157,Google,21887840,229,2009-02-10 19:14:39,False,1.0,True,95984.0,2483.0,107354.0,False,False
252999216,Sheenaedz,190,797,2011-02-16 10:36:25,False,1.0,False,1.0,0.0,1.0,False,False
311583638,TomekAl,2080,394,2011-06-05 18:03:31,False,0.0,False,54.0,981.0,20221.0,True,False
17842366,Discovery,8577299,472,2008-12-03 17:38:39,False,1.0,True,22052.0,4055.0,46602.0,False,False
2382106993,MollyMcKew,123590,1405,2014-03-10 12:52:09,False,1.0,True,1898.0,10443.0,33650.0,False,False
962094450,MRPiPS_GOV_PL,29546,855,2012-11-21 09:47:41,False,1.0,False,186.0,9443.0,26978.0,False,False
87818409,guardian,8500894,1083,2009-11-05 23:49:19,False,1.0,True,62470.0,138.0,589026.0,False,False
2776583390,michaldworczyk,22304,331,2014-08-28 14:50:13,False,0.0,False,72.0,5113.0,3662.0,True,False
2383088793,StopFakingNews,32024,651,2014-03-04 17:28:00,False,1.0,True,840.0,4981.0,37500.0,True,False
186421326,alpucal,37,190,2010-09-03 12:28:06,False,0.0,False,2.0,2488.0,6214.0,False,False
2929414877,KZiemiec,55580,1884,2014-12-18 11:57:46,False,0.0,False,157.0,17346.0,10780.0,True,False
856551428512333824,AltCyberCommand,17547,419,2017-04-24 16:52:29,False,1.0,False,255.0,28175.0,2766.0,False,False
1189526872394293248,KacperWisniew18,0,5,2019-10-30 12:58:47,False,0.0,False,0.0,5.0,1.0,True,True
3365970803,dudekmar,810,386,2015-07-08 13:54:31,False,0.0,False,43.0,290.0,149.0,True,False
2387605015,danielb508,6,10,2014-03-13 18:08:45,False,0.0,False,0.0,0.0,0.0,True,True
1346168804,MirekRozanski,16800,205,2013-04-12 06:46:21,False,1.0,False,71.0,4022.0,5361.0,True,False
64759001,TomaszSiemoniak,93566,1927,2009-08-11 16:32:46,False,1.0,False,365.0,82786.0,42962.0,False,False
778686083542298625,maciej_szymczyk,41,127,2016-09-21 20:03:24,False,1.0,False,0.0,219.0,99.0,True,False
362411242,MFIPR_GOV_PL,33441,979,2011-08-26 10:44:09,False,1.0,False,229.0,2967.0,11428.0,False,False
1882712942,siedlmar,874,677,2013-09-19 10:38:34,False,1.0,False,34.0,1104.0,2147.0,False,False
343547812,j_swiatkowska,1464,442,2011-07-27 18:51:16,False,1.0,False,58.0,2266.0,1706.0,False,False
90350594,thinkdefence,31309,4970,2009-11-16 08:05:22,False,1.0,False,494.0,151290.0,97381.0,True,False
391521421,barozanski,73,140,2011-10-15 17:52:50,False,1.0,False,4.0,64.0,161.0,True,False
1002475729,mchmiel1979,6,16,2012-12-10 20:46:35,False,0.0,False,0.0,12.0,86.0,True,True
2843839340,SEA_org_pl,1005,2693,2014-10-07 16:58:18,False,1.0,False,22.0,1254.0,2889.0,True,False
1383668882,TChlebowski,55,153,2013-04-27 05:53:56,False,1.0,False,2.0,1.0,2.0,True,False
25502100,ArmedwScience,40889,6949,2009-03-20 13:25:51,False,1.0,True,1631.0,504.0,7280.0,False,False
5402612,BBCBreaking,42156887,3,2007-04-22 14:42:37,False,1.0,True,138881.0,0.0,36423.0,False,False
50374439,tomhanks,16532393,25,2009-06-24 17:39:05,False,1.0,True,46125.0,0.0,930.0,False,False
250669155,ARCYBER,14535,653,2011-02-11 15:22:29,False,1.0,True,368.0,184.0,3659.0,False,False
1130893345075716096,US_CYBERCOM,22354,125,2019-05-21 17:49:19,False,1.0,True,218.0,666.0,228.0,True,False
295061293,TodayRussia,17751,0,2011-05-08 09:01:07,False,1.0,False,390.0,0.0,89468.0,False,False
392714686,INTERPOL_Cyber,64661,448,2011-10-17 13:25:03,False,1.0,True,968.0,2195.0,1938.0,False,False
774695190225383424,KBasaj,812,225,2016-09-10 19:45:01,False,1.0,False,18.0,2333.0,2277.0,True,False
46648807,NIST,58564,343,2009-06-12 13:19:06,False,1.0,True,1819.0,1866.0,12218.0,False,False
115404768,MirekMaj,1529,209,2010-02-18 15:12:09,False,1.0,False,122.0,3574.0,5709.0,False,False
77318034,perutko,159,425,2009-09-25 21:41:12,False,1.0,False,45.0,244.0,498.0,True,False
335455570,ReutersWorld,305151,171,2011-07-14 18:20:37,False,1.0,True,7441.0,9.0,219293.0,False,False
397411942,michalhola,2514,1214,2011-10-24 17:11:36,True,1.0,False,45.0,1343.0,10120.0,False,False
909749408484528128,CollegiumC,302,218,2017-09-18 12:02:16,False,1.0,False,0.0,351.0,338.0,True,False
580682368,Jaroslaw_Gowin,109593,622,2012-05-15 08:19:20,False,1.0,False,410.0,12118.0,16769.0,False,False
592685597,Defence24pl,24925,1006,2012-05-28 12:33:26,False,0.0,False,406.0,1623.0,69172.0,True,False
3092667819,krysia1111,3,51,2015-03-17 10:31:04,False,0.0,False,0.0,1.0,2.0,True,False
215436051,GGielerak,853,595,2010-11-13 23:02:37,False,1.0,False,6.0,1388.0,1137.0,True,False
4906273985,lata8290,21432,446,2016-02-13 22:06:13,False,0.0,False,34.0,11134.0,11115.0,True,False
3192429731,SGHWarsaw,3047,791,2015-04-21 20:53:47,False,1.0,False,49.0,1460.0,2530.0,False,False
561353012,EInstStratStud,635,87,2012-04-23 18:12:37,False,1.0,False,7.0,533.0,30.0,False,False
1055724528,ztarap,28,69,2013-01-02 18:09:01,False,0.0,False,0.0,7459.0,164.0,True,False
93027566,kosiel1,391,1598,2009-11-27 19:04:40,False,1.0,False,7.0,2485.0,623.0,False,False
2359926157,CIA,2833758,31,2014-02-24 19:08:11,False,1.0,True,10357.0,123.0,4604.0,False,False
1536791610,POTUS44,14919118,79,2013-06-21 16:02:21,False,1.0,True,25608.0,3.0,352.0,True,False
22545453,RANDCorporation,195131,1344,2009-03-02 22:30:05,False,1.0,True,4633.0,3529.0,59394.0,False,False
2884700813,cypriangutkowsk,228,398,2014-11-19 20:23:20,False,0.0,False,5.0,1386.0,603.0,True,False
573843586,TechItOutNow,560,913,2012-05-07 17:59:27,False,0.0,False,0.0,0.0,1378.0,False,False
202086424,AndrzejDuda,1095956,767,2010-10-13 07:58:45,False,1.0,False,1054.0,28.0,7657.0,False,False
4785548481,PLWatchblog,217,445,2016-01-12 16:04:18,False,1.0,False,12.0,144.0,1223.0,False,False
1049312230502748161,CYBER_MIL_PL,2243,147,2018-10-08 14:55:05,False,1.0,False,20.0,108.0,813.0,True,False
969978259885740035,PolandDaily,29835,9438,2018-03-03 16:50:13,False,1.0,False,183.0,3093.0,2315.0,True,False
50133292,CG_CyberForge,6206,450,2009-06-23 23:05:15,False,1.0,False,147.0,410.0,3244.0,False,False
2830067265,SCSconference,766,136,2014-10-14 18:48:19,False,1.0,False,30.0,468.0,886.0,False,False
1115348904,zbig,96610,57,2013-01-23 21:40:47,False,1.0,True,1782.0,1.0,337.0,True,False
1122870874451763201,CedillaMichael,7,66,2019-04-29 14:30:53,False,1.0,False,0.0,9.0,9.0,True,False
102358648,CERT_Polska,7360,11,2010-01-06 12:38:12,False,1.0,False,96.0,167.0,1377.0,False,False
324756443,Cyber_War_News,40294,179,2011-06-27 04:52:07,False,1.0,False,1028.0,233.0,42975.0,False,False
850288345204895744,cyberon_con,169,75,2017-04-07 10:05:13,False,1.0,False,4.0,41.0,2199.0,True,False
4867110669,T_Szatkowski,4505,495,2016-01-31 19:32:03,False,1.0,False,52.0,850.0,1557.0,False,False
1171126159108706304,Luke74169794,4,12,2019-09-09 18:20:32,False,0.0,False,0.0,0.0,0.0,True,False
813286,BarackObama,114487185,608405,2007-03-05 22:08:25,False,1.0,True,229668.0,11.0,15754.0,False,False
943051637400186885,AWgovPL,8706,70,2017-12-19 09:33:26,False,1.0,False,34.0,172.0,1020.0,False,False
117029568,sikorskiradek,1000479,129,2010-02-24 09:26:33,False,1.0,True,1992.0,4914.0,41541.0,False,False
60049302,AdamHofman,185500,2468,2009-07-25 12:41:45,False,1.0,False,380.0,715.0,3694.0,False,False
115749048,SecretService,869283,49,2010-02-19 20:07:37,False,0.0,True,5205.0,6.0,3395.0,False,False
1876856960,btwardow,100,113,2013-09-17 20:43:32,False,0.0,False,9.0,135.0,117.0,True,False
3511430425,fermatslibrary,363489,5,2015-09-10 03:54:59,False,0.0,False,2401.0,190.0,1543.0,False,False
94331772,ccdcoe,10282,994,2009-12-03 13:44:32,False,1.0,False,394.0,6038.0,3843.0,False,False
2853526214,HistoryInFacts,51206,14,2014-10-12 20:46:09,False,0.0,False,268.0,11.0,985.0,False,False
16560900,Joel_Harding,1838,1258,2008-10-02 15:43:30,False,1.0,False,89.0,3390.0,14208.0,True,False
1057442070,AkademiaSzWoj,4542,449,2013-01-03 10:42:35,False,1.0,False,32.0,2068.0,4964.0,False,False
3069707643,MitologiaWsp,2498,227,2015-03-04 11:57:23,False,1.0,False,15.0,1273.0,982.0,False,False
16048357,owasp,141358,479,2008-08-29 22:41:34,False,1.0,True,2494.0,3048.0,8256.0,True,False
1536985542,SKoziej,28795,475,2013-06-21 17:48:31,False,0.0,False,183.0,3005.0,152896.0,True,False
3429950987,engineers_feed,592287,22,2015-08-18 14:38:54,False,0.0,False,935.0,899.0,3938.0,True,False
1388943902,R_A_Ziemkiewicz,189888,245,2013-04-29 07:52:13,False,0.0,False,513.0,1929.0,45952.0,False,False
209811713,TheHackersNews,604152,2150,2010-10-29 23:55:25,False,1.0,True,9794.0,8127.0,30515.0,False,False
522122949,Pontifex_pl,1046862,8,2012-03-12 10:01:23,False,1.0,True,794.0,0.0,2219.0,False,False
807095,nytimes,45729607,899,2007-03-02 20:41:42,False,1.0,True,205037.0,18438.0,390193.0,False,False
1707321486,madeleine,280246,51,2013-08-28 13:49:49,False,1.0,True,2899.0,446.0,876.0,False,False
1330457336,BillClinton,11618246,34,2013-04-06 01:47:40,False,1.0,True,22701.0,1363.0,960.0,False,False
844578961413853184,HackYeah,379,444,2017-03-22 15:58:10,False,1.0,False,3.0,434.0,603.0,False,False
1278065066,IKosciuszki,3614,1359,2013-03-18 15:40:06,False,1.0,False,78.0,1405.0,3512.0,False,False
232192611,elwin013,72,143,2010-12-30 13:53:19,False,1.0,False,7.0,122.0,445.0,False,False
1059463919465586693,CNMF_VirusAlert,18726,17,2018-11-05 15:14:17,False,0.0,True,343.0,28.0,37.0,True,False
4876575292,CyberDefence24,5100,101,2016-02-04 14:59:50,False,0.0,False,200.0,26.0,8940.0,False,False
734493,woot,1360297,5,2007-01-30 22:14:50,False,0.0,True,9893.0,10428.0,20906.0,False,False
840519380920332288,biznes_mysli,257,2,2017-03-11 11:06:51,False,1.0,False,2.0,35.0,145.0,True,False
1324263482,ICDS_Tallinn,3789,700,2013-04-03 10:00:46,False,1.0,True,135.0,1254.0,5050.0,False,False
63029891,niebezpiecznik,35483,3,2009-08-05 04:18:15,False,0.0,True,302.0,1162.0,10672.0,False,False
3044562881,droniada,94,587,2015-02-18 09:01:54,False,1.0,False,2.0,19.0,165.0,False,False
782091012835606528,InformationWarr,11,12,2016-10-01 05:33:23,False,0.0,False,0.0,0.0,4.0,False,False
2482290204,JTGrabowski,51,67,2014-05-07 15:12:09,False,0.0,False,0.0,26.0,26.0,True,False
1531594201,NCSS_Poland,2632,397,2013-06-19 18:09:18,False,1.0,False,33.0,256.0,1007.0,True,False
3028219306,BartosiakJacek,18597,1187,2015-02-10 14:06:50,False,1.0,False,120.0,6110.0,5622.0,False,False
1220702788713361408,LorenzoArcarons,997,5000,2020-01-24 13:40:15,False,0.0,False,0.0,37.0,0.0,True,False
2097571,cnni,9944194,370,2007-03-24 10:48:14,False,1.0,True,41083.0,135.0,222569.0,False,False
1056932786228129792,SztabGenWP,2936,79,2018-10-29 15:36:27,False,1.0,False,12.0,1273.0,941.0,True,False
25073877,realDonaldTrump,74842018,47,2009-03-18 13:46:38,False,1.0,True,117389.0,6.0,50099.0,False,False
701726371815563264,Kombatanci,2172,479,2016-02-22 11:12:59,False,1.0,False,6.0,3946.0,3121.0,False,False
1158719667558653954,JakubM__,8,20,2019-08-06 12:41:11,False,1.0,False,0.0,3.0,0.0,True,False
3511766296,lkrzowski,4,18,2015-09-01 10:49:32,False,0.0,False,0.0,0.0,0.0,True,True
2419140080,misc0110,7671,447,2014-03-30 15:16:04,False,0.0,False,128.0,1758.0,424.0,True,False
3093574042,Disinfo_Digest,6171,421,2015-03-17 22:23:28,False,1.0,False,241.0,11261.0,26344.0,False,False
1347723151,DoSmyr,2215,274,2013-04-12 20:54:11,False,1.0,False,12.0,2294.0,3797.0,False,False
2292445824,NAUKA_GOV_PL,20774,585,2014-01-15 09:36:58,False,0.0,False,150.0,7211.0,11695.0,False,False
1169128354701877248,pciecwierz1,4,7,2019-09-04 06:01:47,False,0.0,False,0.0,1.0,1.0,True,True
864554093825675265,PolskieSluzby,6378,6893,2017-05-16 18:52:13,False,0.0,False,11.0,6127.0,78289.0,True,False
3256728820,CorrelAid,1863,404,2015-05-15 14:21:19,False,1.0,False,64.0,1188.0,963.0,True,False
103065157,David_Cameron,1839192,389,2010-01-08 19:23:35,False,0.0,True,7980.0,2.0,2765.0,False,False
2916305152,Snowden,4235902,1,2014-12-11 21:24:28,False,0.0,True,23491.0,483.0,4748.0,True,False
18066440,USCERT_gov,110863,49,2008-12-12 01:33:16,False,1.0,True,3205.0,2.0,3159.0,False,False
948160647640092672,KacperWisniew14,3,11,2018-01-02 11:54:49,False,0.0,False,0.0,28.0,11.0,True,True
2909210463,Mediizorek,1,6,2014-12-07 13:15:52,False,0.0,False,0.0,1.0,2.0,True,True
4517808328,_KremlinWatch,8675,80,2015-12-17 21:15:41,False,1.0,False,241.0,416.0,2027.0,False,False
4732722143,Space24pl,2519,330,2016-01-07 08:14:38,False,1.0,False,71.0,54.0,5315.0,False,False
1612906027,W_Wiewiorowski,4434,364,2013-07-22 13:52:15,False,1.0,False,105.0,842.0,4580.0,True,False
14293310,TIME,16812650,498,2008-04-03 13:54:30,False,0.0,True,103670.0,534.0,342997.0,False,False
1043132318096023552,SpartaqsGroup,39,864,2018-09-21 13:38:19,False,1.0,False,0.0,162.0,50.0,True,False
4919463471,FIA_com_pl,166,211,2016-02-16 14:25:05,False,0.0,False,2.0,72.0,65.0,True,False
768803944332156928,maniek3550,5,28,2016-08-25 13:35:19,False,1.0,False,0.0,2.0,0.0,True,False
1015584793910743040,zeroxyele,721,752,2018-07-07 13:14:18,False,0.0,False,1.0,3623.0,90.0,True,False
1073461458,RepublikaTV,79654,727,2013-01-09 11:06:01,False,1.0,False,303.0,1418.0,92232.0,False,False
110550041,panoptykon,12650,869,2010-02-01 23:18:49,False,1.0,False,195.0,1600.0,10012.0,False,False
455658811,KlubJagiellonsk,13057,578,2012-01-05 10:54:36,False,1.0,False,91.0,2266.0,10671.0,False,False
16689804,khanacademy,689005,532,2008-10-10 22:11:55,False,1.0,True,9578.0,14113.0,4914.0,False,False
1545994664,BMW,2045541,75,2013-06-25 15:20:28,False,1.0,True,4062.0,17328.0,33170.0,False,False
3113971553,SecuRingPL,754,74,2015-03-25 08:55:25,False,1.0,False,18.0,131.0,576.0,False,False
2884803649,prywatnik,3219,290,2014-10-31 10:33:33,False,1.0,False,61.0,1115.0,7745.0,False,False
2435997204,JEmilewicz,14621,534,2014-04-09 20:07:13,False,1.0,False,98.0,6055.0,6338.0,True,False
925418046075883522,USFLEETCYBERCOM,3241,433,2017-10-31 17:43:50,False,1.0,False,72.0,296.0,638.0,True,False
107122128,BMWGroup,596598,195,2010-01-21 16:24:10,False,1.0,True,2198.0,2678.0,6241.0,False,False
8775672,USArmy,1540359,895,2007-09-10 01:04:15,False,1.0,True,9285.0,9807.0,36234.0,False,False
2467791,washingtonpost,15179003,1662,2007-03-27 11:19:39,False,1.0,True,94936.0,4444.0,352496.0,False,False
800765605,lis_tomasz,896502,1137,2012-09-03 16:44:34,False,0.0,False,656.0,27129.0,28153.0,True,False
1130483779,Sekurak,9218,235,2013-01-29 08:49:26,False,1.0,False,106.0,1479.0,6277.0,True,False
16589206,wikileaks,5502600,7615,2008-10-04 06:41:05,False,1.0,True,55234.0,1086.0,52925.0,False,False
24670042,1944pl,24241,142,2009-03-16 09:24:25,False,1.0,True,227.0,1641.0,2668.0,False,False
80676829,krzysztofbosak,165566,2501,2009-10-07 20:47:37,False,1.0,True,409.0,50068.0,98212.0,False,False
473980663,NCIAgency,5974,934,2012-01-25 14:44:03,False,0.0,True,162.0,1380.0,2058.0,False,False
1086008910,ada_maj_,153,165,2013-01-13 12:54:01,False,1.0,False,11.0,698.0,707.0,False,False
241048092,TheGCSP,8222,1984,2011-01-21 09:59:03,False,1.0,True,235.0,6712.0,11685.0,False,False
742971161185820672,KownackiBartosz,13024,304,2016-06-15 06:45:03,False,1.0,False,64.0,654.0,2611.0,True,False
14763734,DigitalTrends,2169646,1181091,2008-05-13 20:01:41,False,1.0,True,13816.0,12520.0,177634.0,False,False
52661430,benimmo,25436,975,2009-07-01 07:20:30,False,1.0,True,822.0,910.0,7385.0,True,False
729583491768291328,IMikromakro,99,225,2016-05-09 08:07:14,False,1.0,False,0.0,35.0,115.0,False,False
1968450668,STRATCOMCOE,13552,5232,2013-10-18 08:24:42,False,1.0,True,355.0,1369.0,4382.0,True,False
347228796,D_Tarczynski,68244,5676,2011-08-02 13:33:40,False,1.0,False,208.0,93940.0,46149.0,False,False
117439544,DefenseIntel,169467,124,2010-02-25 15:31:15,False,1.0,True,1988.0,1089.0,2546.0,False,False
3127702426,adamhaertle,1489,37,2015-03-29 22:04:39,False,0.0,False,9.0,9.0,675.0,True,False
1014954325,adamziaja,1190,503,2012-12-16 10:50:52,False,1.0,False,37.0,526.0,251.0,False,False
18267548,AtlanticCouncil,123432,1633,2008-12-20 15:34:07,False,1.0,True,2689.0,5972.0,51844.0,False,False
2880926183,glosbohatera,918,178,2014-11-17 12:39:39,False,1.0,False,2.0,225.0,1487.0,False,False
1169516433765781504,smoqq313,4,10,2019-09-05 07:43:52,False,0.0,False,0.0,0.0,1.0,True,True
1199295902,Maliciouslink,21532,13326,2013-02-20 02:12:39,False,1.0,False,603.0,34621.0,41788.0,False,False
52401341,michalkosinski,13175,209,2009-06-30 14:00:22,False,1.0,False,300.0,282.0,538.0,False,False
1513753944,MLSecProject,2062,15,2013-06-13 15:58:53,False,0.0,False,99.0,166.0,218.0,False,False
939053934232195072,MorawieckiM,201842,43,2017-12-08 08:47:59,False,0.0,True,372.0,19.0,744.0,True,False
428333,cnnbrk,56951159,120,2007-01-02 01:48:14,False,1.0,True,185659.0,22.0,69932.0,False,False
529352320,PLinNATO,15307,974,2012-03-19 12:41:47,False,1.0,True,341.0,4698.0,19652.0,False,False
2397410880,Hackerstrip,4642,207,2014-03-19 07:04:42,False,1.0,False,98.0,1340.0,1209.0,False,False
3214383995,AnniPiiparinen,689,615,2015-04-27 17:42:48,False,1.0,False,59.0,674.0,905.0,True,False
2397872018,ArmyCyberInst,8507,4650,2014-03-19 13:33:39,False,1.0,False,214.0,3081.0,1986.0,False,False
45550670,RafalStec,46297,436,2009-06-08 12:06:35,False,0.0,False,314.0,5538.0,30759.0,False,False
806850055,enisa_eu,33855,847,2012-09-06 13:40:09,False,1.0,True,1139.0,2470.0,7825.0,False,False
41012588,MSFTImagine,132872,2086,2009-05-19 00:36:50,False,1.0,True,1748.0,6420.0,19565.0,False,False
43932737,prezydentpl,312176,296,2009-06-01 17:57:50,False,1.0,True,705.0,0.0,17861.0,False,False
88203872,LBalcerowicz,322481,1165,2009-11-07 15:14:57,False,0.0,True,463.0,60802.0,28696.0,False,False
783324673513758728,Tomasz5ek,6781,319,2016-10-04 15:15:30,False,0.0,False,34.0,537.0,2723.0,True,False
782868231191138304,v4r4n,1,84,2016-10-03 09:01:46,False,0.0,False,0.0,17.0,4.0,True,True
2937526001,BBN_PL,10888,452,2014-12-22 21:28:57,False,1.0,False,91.0,1429.0,3264.0,False,False
97229903,SecurityHumor,16497,536,2009-12-16 15:26:28,False,1.0,False,744.0,5272.0,13327.0,False,False
777135577879678981,gregpoho,1,0,2016-09-17 13:22:15,False,0.0,False,0.0,0.0,1.0,True,True
2260681322,Najwazniejsze,16269,10887,2013-12-24 20:32:47,False,1.0,False,123.0,3634.0,20275.0,False,False
233559196,HQDACyber,2056,301,2011-01-03 15:07:54,False,1.0,False,89.0,293.0,2499.0,False,False
4539355517,TomaszZdzikot,2129,1040,2015-12-19 21:24:21,False,1.0,False,22.0,3945.0,1589.0,False,False
912127063661756416,OHFNightly,843,3829,2017-09-25 01:30:13,False,1.0,False,0.0,28.0,137.0,True,False
848243562,kurzweil4,7,6,2012-09-26 22:39:04,False,1.0,False,0.0,9.0,74.0,True,False
1145017891961671682,Oliwer51573826,2,10,2019-06-29 17:15:13,False,0.0,False,0.0,0.0,0.0,True,True
522149495,BMW_Polska,5396,48,2012-03-12 10:49:31,False,1.0,False,44.0,13.0,1678.0,False,False
817385715126435841,terytorialsi,12533,5,2017-01-06 15:01:55,False,1.0,False,35.0,1013.0,2852.0,False,False
741273989381795844,F1sherKK,194,227,2016-06-10 14:21:06,False,1.0,False,13.0,1420.0,823.0,False,False
809072890528329729,SmartCityPolska,1033,2534,2016-12-14 16:29:43,False,1.0,False,8.0,590.0,698.0,False,False
742339826607882240,niepodlegla,4200,183,2016-06-13 12:56:21,False,1.0,False,13.0,6523.0,3015.0,False,False
461958686,Zaufana3Strona,13125,254,2012-01-12 11:51:28,False,1.0,False,116.0,206.0,7695.0,False,False
721588314,TomaszLysiak,14484,1307,2012-07-28 05:46:01,False,0.0,True,60.0,17987.0,10429.0,False,False
812012427848122368,pl_Manify,1,0,2016-12-22 19:10:24,False,1.0,False,0.0,0.0,1.0,True,False
780271424833486848,NASK_pl,3716,311,2016-09-26 05:02:59,False,0.0,False,43.0,1192.0,2965.0,True,False
138048156,mblaszczak,105274,2535,2010-04-28 13:48:18,False,1.0,False,299.0,1478.0,4346.0,False,False
953595684929921024,MinRozwoju,11449,609,2018-01-17 11:51:43,False,1.0,False,47.0,2959.0,4529.0,False,False
818910970567344128,VP,8674234,14,2017-01-10 20:02:44,False,1.0,True,10647.0,19.0,8518.0,True,False
393861620,RSzeremietiew,13445,688,2011-10-19 06:02:36,False,1.0,False,68.0,968.0,13917.0,False,False
104782747,JerzyBuzek,357877,1916,2010-01-14 11:18:51,False,1.0,True,1366.0,2772.0,4509.0,False,False
104419788,slon1024,562,310,2010-01-13 08:07:43,False,1.0,False,139.0,188.0,1807.0,False,False
2574774714,venglin,106,175,2014-06-18 12:49:52,False,1.0,False,2.0,128.0,118.0,False,False
95894008,ipngovpl,26357,255,2009-12-10 12:49:11,False,1.0,False,116.0,4386.0,17573.0,False,False
4105477510,EUvsDisinfo,48374,646,2015-11-03 15:29:02,False,1.0,True,1022.0,438.0,2496.0,False,False
471452342,krystiankry,242,227,2012-01-22 21:32:58,False,1.0,False,3.0,57.0,112.0,False,False
966244099350302720,MSanecka1,23,82,2018-02-21 09:32:00,False,0.0,False,0.0,145.0,149.0,True,False
212898002,cybsecurity_org,2420,149,2010-11-07 11:20:02,False,1.0,False,76.0,786.0,2438.0,False,False
1857059065,ComCERT_PL,406,31,2013-09-12 10:50:17,False,1.0,False,10.0,114.0,151.0,False,False
859780125637959685,wojna_idei,2332,31,2017-05-03 14:42:10,False,0.0,False,5.0,408.0,1347.0,False,False
777063038906228736,dataworkshop,196,1,2016-09-17 08:34:00,False,0.0,False,6.0,77.0,182.0,True,False
743040785520701441,DobrzynskiMicha,6,167,2016-06-15 11:21:43,False,0.0,False,0.0,25.0,23.0,True,True
2356642926,KMetaKowalski,5369,3787,2014-02-22 17:12:30,False,0.0,False,59.0,169794.0,163422.0,True,False
944847836952383488,stevens_janny,3,40,2017-12-24 08:30:53,False,0.0,False,0.0,2.0,0.0,True,False
425174254,ialbrycht,1684,2155,2011-11-30 17:15:52,False,1.0,False,51.0,6624.0,3191.0,False,False
2647585539,DarekEliasz,114,114,2014-06-27 18:34:36,False,0.0,False,10.0,154.0,121.0,True,False
223430081,SpringerRef,2718,337,2010-12-06 11:09:36,False,1.0,False,153.0,533.0,3700.0,False,False
1169521933253304320,Krzysie33678387,2,3,2019-09-05 08:05:41,False,0.0,False,0.0,0.0,1.0,True,True
903266646030209024,PCInfoWarStudy,40,70,2017-08-31 14:42:05,False,1.0,False,3.0,19.0,32.0,False,False
1169144407498600454,mr_podstawka,7,23,2019-09-04 07:05:30,False,0.0,False,0.0,1.0,0.0,True,False
95292874,RecordedFuture,66404,1838,2009-12-07 22:27:43,False,0.0,True,907.0,2483.0,11396.0,False,False
22692199,HISTORY,2338900,3434,2009-03-03 22:31:27,False,1.0,True,10655.0,12105.0,61014.0,False,False
5976942,konieczny,11379,773,2007-05-12 00:16:35,False,1.0,False,125.0,867.0,11491.0,False,False
1169180559102418945,PawelWilk112,4,11,2019-09-04 09:29:15,False,0.0,False,0.0,2.0,1.0,True,False
1169146051699322881,Mateusz30767410,5,14,2019-09-04 07:12:11,False,0.0,False,0.0,1.0,2.0,True,True
883976816331018240,StopFake_PL,1022,218,2017-07-09 09:11:11,False,1.0,False,6.0,7.0,358.0,True,False
916349221455974402,DisinfoEU,12445,348,2017-10-06 17:07:34,False,1.0,True,268.0,1094.0,1861.0,False,False
103005548,CERT_Polska_en,7514,14,2010-01-08 15:08:00,False,1.0,False,242.0,106.0,1259.0,False,False
82876508,infowarfare7,839,910,2009-10-16 13:21:14,False,0.0,False,23.0,11.0,13675.0,False,False
113211856,imgur,206495,362,2010-02-11 02:17:35,False,1.0,True,1784.0,7260.0,23555.0,False,False
409486555,MichelleObama,14648146,18,2011-11-10 20:13:01,False,1.0,True,25152.0,157.0,1245.0,False,False
2670627368,SpecGhost,6018,6618,2014-07-22 20:57:02,False,1.0,False,682.0,128012.0,154199.0,False,False
710123736175783938,sectest9,30122,1,2016-03-16 15:21:07,False,1.0,False,7169.0,7.0,1738532.0,True,False
955868514237210624,DisinfoPortal,8316,314,2018-01-23 18:23:07,False,0.0,True,293.0,438.0,1809.0,False,False
17471979,NatGeo,23779170,80,2008-11-18 21:28:10,False,1.0,True,65472.0,6742.0,53989.0,False,False
3564617895,Okonski_Karol,1674,216,2015-09-06 09:15:07,False,1.0,False,20.0,3687.0,1231.0,True,False
703533129252925441,Macierewicz_A,129267,92,2016-02-27 10:52:23,False,1.0,False,236.0,3064.0,5470.0,True,False
44196397,elonmusk,32701704,83,2009-06-02 20:12:29,False,0.0,True,54444.0,4994.0,10266.0,False,False
43670928,baalazamon,16,4,2009-05-31 10:29:26,False,1.0,False,0.0,0.0,0.0,False,False
2438198119,exatel_pl,1956,106,2014-04-11 08:48:19,False,1.0,False,38.0,505.0,1067.0,False,False
2744759990,NATOmoscow,3422,1009,2014-08-19 12:25:43,False,1.0,True,130.0,33.0,8615.0,True,False
76979225,BeataSzydlo,409811,554,2009-09-24 16:26:48,False,0.0,True,608.0,121.0,1752.0,False,False
66369181,DeptofDefense,6071498,462,2009-08-17 14:43:00,False,1.0,True,14535.0,4102.0,28587.0,False,False
18948706,cyberwar,65512,62226,2009-01-13 19:09:28,False,1.0,False,1773.0,10677.0,12769.0,False,False
481439919,cyber,163234,108,2012-02-02 19:14:25,False,1.0,True,2540.0,258.0,2433.0,False,False
1649772690,PW_edu,4350,426,2013-08-06 08:12:42,False,1.0,False,63.0,3700.0,4453.0,False,False
2979632800,RCB_RP,17611,86,2015-01-15 11:14:17,False,1.0,False,106.0,317.0,2819.0,True,False
2780663566,CodeMyBimmer,25,8,2014-09-22 22:41:54,False,0.0,False,0.0,10.0,14.0,True,True
1090232196009545728,hwag_ucmc,2447,504,2019-01-29 12:56:25,False,0.0,False,67.0,413.0,914.0,True,False
14224719,10DowningStreet,5607637,272,2008-03-26 11:16:02,False,1.0,True,22761.0,1771.0,13899.0,False,False
375146901,donaldtusk,1117268,329,2011-09-17 15:51:48,False,1.0,True,1793.0,25.0,609.0,False,False
697341375394816001,WojskowoscStos,12,230,2016-02-10 08:48:34,False,0.0,False,1.0,34.0,105.0,True,False
16895274,ScienceChannel,2945424,6624,2008-10-21 22:25:41,False,0.0,True,15511.0,4308.0,41522.0,False,False
3236143406,Tsarizm_com,8794,9025,2015-06-04 15:11:46,False,0.0,False,106.0,600.0,43020.0,True,False
1169147797054078976,m_wilusz,9,28,2019-09-04 07:18:59,False,1.0,False,0.0,4.0,3.0,True,True
21232519,teamcymru,40269,16,2009-02-18 19:42:42,False,1.0,False,1829.0,111.0,22163.0,False,False
849913901340864512,AnnaPeziol,2416,228,2017-04-06 09:17:19,False,1.0,False,12.0,668.0,1886.0,False,False
822215679726100480,POTUS,28746599,39,2017-01-19 22:54:28,False,1.0,True,25394.0,104.0,8925.0,True,False
776108122557583360,Hero_Kuba4488,0,3,2016-09-14 17:19:30,False,0.0,False,0.0,0.0,0.0,True,True
50393960,BillGates,49196099,217,2009-06-24 18:44:10,False,1.0,True,122506.0,127.0,3275.0,False,False
855031989522616321,Fundacja_CAPD,605,317,2017-04-20 12:14:46,False,1.0,False,11.0,112.0,376.0,True,False
19017675,Nigel_Farage,1524362,481,2009-01-15 10:37:07,False,0.0,True,6639.0,172.0,15550.0,False,False
22203756,Mike_Pence,4416732,32,2009-02-27 23:04:51,False,0.0,True,9179.0,710.0,8101.0,False,False
945704600,dziejepl,11723,390,2012-11-13 12:27:57,False,1.0,False,80.0,454.0,34880.0,False,False
879693717740937217,Dominik_Sabat,9,182,2017-06-27 13:31:41,False,1.0,False,0.0,59.0,15.0,True,True
927320767,ObronaNarodowa,2140,235,2012-11-05 10:16:52,False,1.0,False,19.0,3205.0,6557.0,False,False
534623649,kamil_gapinski,262,282,2012-03-23 17:31:48,True,1.0,False,13.0,1218.0,897.0,False,False
897947522,LeszekMiller,222410,685,2012-10-22 16:41:21,False,1.0,False,398.0,289.0,10786.0,False,False
1382764358,Chelsonik,9,117,2013-04-26 20:01:11,False,0.0,False,0.0,1581.0,93.0,True,False
2217099931,ThingsWork,752656,2,2013-11-27 03:33:46,False,1.0,False,3397.0,72.0,1109.0,False,False
3337602141,Cenckiewicz,73651,604,2015-06-20 20:43:51,False,0.0,False,188.0,41276.0,61816.0,False,False
988480694,kksilk,76,35,2012-12-04 10:15:46,False,0.0,False,2.0,20.0,61.0,True,True
900391673766838273,HorusCyb3r,541,1460,2017-08-23 16:17:58,False,1.0,False,5.0,9288.0,7077.0,False,False
358136787,MON_GOV_PL,83678,570,2011-08-19 12:52:30,False,1.0,False,390.0,8269.0,36252.0,False,False
54645160,DARPA,217377,3846,2009-07-07 19:13:34,False,1.0,True,5647.0,3856.0,6493.0,False,False
41193473,whitehatsec,40649,24198,2009-05-19 19:50:30,False,1.0,False,1166.0,2824.0,22342.0,False,False
1222716350,RCDefense,49750,3960,2013-02-26 18:49:43,False,1.0,True,1344.0,930.0,39186.0,False,False
2482921160,EdmundJanniger,12598,164,2014-05-07 23:59:45,False,1.0,True,46.0,643.0,2692.0,True,False
17484680,nixcraft,167595,360,2008-11-19 12:12:37,False,1.0,False,3493.0,36981.0,41870.0,False,False
23090019,binitamshah,79469,221,2009-03-06 17:16:03,False,1.0,False,1910.0,181.0,29859.0,False,False
742143,BBCWorld,27284669,71,2007-02-01 07:44:29,False,1.0,True,119426.0,13.0,307246.0,False,False
362334069,MSWiA_GOV_PL,68603,709,2011-08-26 06:51:45,False,1.0,False,232.0,2701.0,24647.0,False,False
783214,Twitter,57517598,1,2007-02-20 14:35:54,False,1.0,True,90877.0,6416.0,13312.0,False,False
